case_id,age,gender,survival_months,censorship
TCGA-2E-A9G8,59.0,Female,41.03,0
TCGA-4E-A92E,54.0,Female,0.43,0
TCGA-5B-A90C,69.0,Female,39.49,0
TCGA-5S-A9Q8,51.0,Female,10.28,0
TCGA-A5-A0G1,67.0,Female,106.8,1
TCGA-A5-A0G2,57.0,Female,149.44,0
TCGA-A5-A0G3,61.0,Female,46.91,0
TCGA-A5-A0G5,73.0,Female,36.99,0
TCGA-A5-A0G9,79.0,Female,83.44,0
TCGA-A5-A0GA,67.0,Female,17.84,1
TCGA-A5-A0GB,65.0,Female,32.75,0
TCGA-A5-A0GD,75.0,Female,112.45,1
TCGA-A5-A0GE,38.0,Female,105.29,0
TCGA-A5-A0GG,76.0,Female,123.59,0
TCGA-A5-A0GH,57.0,Female,74.05,0
TCGA-A5-A0GI,63.0,Female,88.11,0
TCGA-A5-A0GJ,44.0,Female,65.7,0
TCGA-A5-A0GM,53.0,Female,60.48,0
TCGA-A5-A0GN,65.0,Female,60.48,0
TCGA-A5-A0GP,58.0,Female,46.52,0
TCGA-A5-A0GQ,76.0,Female,73.82,0
TCGA-A5-A0GR,69.0,Female,36.79,0
TCGA-A5-A0GU,58.0,Female,28.25,0
TCGA-A5-A0GV,67.0,Female,53.98,0
TCGA-A5-A0GW,46.0,Female,23.19,0
TCGA-A5-A0GX,53.0,Female,68.59,0
TCGA-A5-A0R6,64.0,Female,37.88,0
TCGA-A5-A0R7,55.0,Female,17.58,0
TCGA-A5-A0R8,81.0,Female,19.58,0
TCGA-A5-A0R9,51.0,Female,24.61,0
TCGA-A5-A0RA,68.0,Female,29.04,0
TCGA-A5-A0VO,64.0,Female,28.75,1
TCGA-A5-A0VP,74.0,Female,42.31,0
TCGA-A5-A0VQ,62.0,Female,15.93,0
TCGA-A5-A1OF,47.0,Female,31.96,0
TCGA-A5-A1OG,65.0,Female,31.96,1
TCGA-A5-A1OH,86.0,Female,36.3,0
TCGA-A5-A1OJ,31.0,Female,33.05,0
TCGA-A5-A1OK,63.0,Female,30.12,0
TCGA-A5-A2K2,77.0,Female,118.1,0
TCGA-A5-A2K3,68.0,Female,66.1,0
TCGA-A5-A2K4,69.0,Female,28.61,1
TCGA-A5-A2K5,76.0,Female,24.7,0
TCGA-A5-A2K7,41.0,Female,34.92,0
TCGA-A5-A3LO,64.0,Female,25.49,0
TCGA-A5-A3LP,74.0,Female,14.95,0
TCGA-A5-A7WJ,64.0,Female,11.2,0
TCGA-A5-A7WK,71.0,Female,18.4,0
TCGA-A5-AB3J,52.0,Female,16.82,0
TCGA-AJ-A23M,61.0,Female,20.24,1
TCGA-AJ-A23N,70.0,Female,14.42,1
TCGA-AJ-A23O,69.0,Female,10.25,1
TCGA-AJ-A2QK,65.0,Female,21.12,0
TCGA-AJ-A2QL,60.0,Female,19.78,0
TCGA-AJ-A2QM,67.0,Female,29.37,0
TCGA-AJ-A2QN,60.0,Female,35.12,0
TCGA-AJ-A2QO,85.0,Female,34.33,1
TCGA-AJ-A3BD,57.0,Female,34.13,0
TCGA-AJ-A3BF,65.0,Female,18.1,0
TCGA-AJ-A3BG,65.0,Female,18.07,0
TCGA-AJ-A3BI,67.0,Female,18.89,0
TCGA-AJ-A3BK,68.0,Female,33.87,0
TCGA-AJ-A3EJ,74.0,Female,1.64,1
TCGA-AJ-A3EK,53.0,Female,14.65,0
TCGA-AJ-A3EL,47.0,Female,22.47,0
TCGA-AJ-A3EM,69.0,Female,22.24,0
TCGA-AJ-A3I9,52.0,Female,17.05,1
TCGA-AJ-A3IA,77.0,Female,20.8,0
TCGA-AJ-A3NC,63.0,Female,36.96,0
TCGA-AJ-A3NE,46.0,Female,20.63,0
TCGA-AJ-A3NF,60.0,Female,21.19,0
TCGA-AJ-A3NG,83.0,Female,15.6,0
TCGA-AJ-A3NH,90.0,Female,10.18,1
TCGA-AJ-A3OJ,54.0,Female,15.34,0
TCGA-AJ-A3OK,73.0,Female,15.93,0
TCGA-AJ-A3OL,55.0,Female,14.75,1
TCGA-AJ-A3QS,57.0,Female,16.85,0
TCGA-AJ-A3TW,78.0,Female,16.85,0
TCGA-AJ-A4ZG,53.0,Female,16.36,0
TCGA-AJ-A5DV,65.0,Female,22.31,0
TCGA-AJ-A5DW,56.0,Female,12.81,0
TCGA-AJ-A6NU,64.0,Female,20.76,0
TCGA-AJ-A8CT,58.0,Female,2.69,0
TCGA-AJ-A8CV,58.0,Female,35.09,0
TCGA-AJ-A8CW,64.0,Female,0.13,0
TCGA-AP-A051,69.0,Female,129.7,0
TCGA-AP-A052,59.0,Female,21.98,1
TCGA-AP-A053,90.0,Female,110.55,1
TCGA-AP-A054,64.0,Female,23.29,1
TCGA-AP-A056,64.0,Female,86.01,0
TCGA-AP-A059,69.0,Female,48.0,0
TCGA-AP-A05A,81.0,Female,63.86,1
TCGA-AP-A05D,67.0,Female,57.75,0
TCGA-AP-A05H,75.0,Female,45.5,0
TCGA-AP-A05J,66.0,Female,36.86,0
TCGA-AP-A05N,58.0,Female,23.85,1
TCGA-AP-A05O,68.0,Female,12.61,0
TCGA-AP-A05P,54.0,Female,20.89,0
TCGA-AP-A0L8,70.0,Female,48.75,1
TCGA-AP-A0L9,71.0,Female,125.33,0
TCGA-AP-A0LD,63.0,Female,117.9,0
TCGA-AP-A0LE,57.0,Female,110.28,0
TCGA-AP-A0LF,82.0,Female,93.92,0
TCGA-AP-A0LG,54.0,Female,66.2,0
TCGA-AP-A0LH,60.0,Female,36.33,1
TCGA-AP-A0LI,67.0,Female,97.63,0
TCGA-AP-A0LJ,42.0,Female,46.68,0
TCGA-AP-A0LL,56.0,Female,83.9,0
TCGA-AP-A0LM,33.0,Female,27.1,0
TCGA-AP-A0LN,56.0,Female,82.46,0
TCGA-AP-A0LO,45.0,Female,33.38,1
TCGA-AP-A0LP,76.0,Female,61.6,0
TCGA-AP-A0LQ,59.0,Female,80.72,0
TCGA-AP-A0LS,63.0,Female,95.4,0
TCGA-AP-A0LT,57.0,Female,49.18,0
TCGA-AP-A0LV,39.0,Female,25.07,0
TCGA-AP-A1DH,62.0,Female,71.62,0
TCGA-AP-A1DK,53.0,Female,90.9,0
TCGA-AP-A1DM,60.0,Female,55.85,0
TCGA-AP-A1DO,62.0,Female,31.27,0
TCGA-AP-A1DP,70.0,Female,35.51,1
TCGA-AP-A1DQ,76.0,Female,46.75,1
TCGA-AP-A1DR,59.0,Female,49.11,0
TCGA-AP-A1DV,59.0,Female,6.7,0
TCGA-AP-A1E0,40.0,Female,60.18,0
TCGA-AP-A1E1,74.0,Female,45.83,0
TCGA-AP-A1E3,45.0,Female,27.83,0
TCGA-AP-A1E4,54.0,Female,51.08,0
TCGA-AP-A3K1,56.0,Female,21.88,1
TCGA-AP-A5FX,68.0,Female,36.1,1
TCGA-AW-A1PO,66.0,Female,0.56,0
TCGA-AX-A05S,81.0,Female,13.57,1
TCGA-AX-A05T,82.0,Female,33.18,0
TCGA-AX-A05U,56.0,Female,29.66,0
TCGA-AX-A05W,60.0,Female,80.49,0
TCGA-AX-A05Y,57.0,Female,88.17,0
TCGA-AX-A05Z,37.0,Female,71.45,0
TCGA-AX-A060,77.0,Female,35.32,0
TCGA-AX-A062,53.0,Female,45.96,0
TCGA-AX-A063,63.0,Female,79.4,0
TCGA-AX-A064,81.0,Female,49.84,0
TCGA-AX-A06B,72.0,Female,67.61,0
TCGA-AX-A06D,82.0,Female,12.25,1
TCGA-AX-A06F,59.0,Female,57.42,0
TCGA-AX-A06H,60.0,Female,27.37,0
TCGA-AX-A06J,71.0,Female,29.99,0
TCGA-AX-A06L,63.0,Female,60.61,0
TCGA-AX-A0IS,52.0,Female,61.04,1
TCGA-AX-A0IU,79.0,Female,35.71,0
TCGA-AX-A0IW,67.0,Female,37.75,0
TCGA-AX-A0IZ,53.0,Female,43.79,0
TCGA-AX-A0J0,47.0,Female,40.08,0
TCGA-AX-A0J1,80.0,Female,77.33,0
TCGA-AX-A1C4,52.0,Female,13.27,0
TCGA-AX-A1C5,47.0,Female,32.88,0
TCGA-AX-A1C7,77.0,Female,34.63,0
TCGA-AX-A1C8,77.0,Female,25.49,0
TCGA-AX-A1C9,73.0,Female,26.35,0
TCGA-AX-A1CA,70.0,Female,32.0,0
TCGA-AX-A1CC,65.0,Female,25.89,0
TCGA-AX-A1CE,60.0,Female,34.07,0
TCGA-AX-A1CF,69.0,Female,76.77,0
TCGA-AX-A1CI,61.0,Female,85.41,0
TCGA-AX-A1CJ,59.0,Female,73.36,0
TCGA-AX-A1CK,58.0,Female,80.19,0
TCGA-AX-A1CN,54.0,Female,37.55,0
TCGA-AX-A1CP,84.0,Female,36.37,0
TCGA-AX-A1CR,70.0,Female,23.03,0
TCGA-AX-A2H2,86.0,Female,4.76,1
TCGA-AX-A2H4,66.0,Female,30.09,1
TCGA-AX-A2H5,67.0,Female,71.19,0
TCGA-AX-A2H7,87.0,Female,40.77,1
TCGA-AX-A2H8,64.0,Female,61.14,0
TCGA-AX-A2HA,35.0,Female,81.31,0
TCGA-AX-A2HC,53.0,Female,34.3,0
TCGA-AX-A2HD,69.0,Female,46.45,0
TCGA-AX-A2HF,67.0,Female,27.86,0
TCGA-AX-A2HG,56.0,Female,38.21,0
TCGA-AX-A2HH,60.0,Female,17.74,0
TCGA-AX-A2HJ,35.0,Female,30.72,0
TCGA-AX-A2HK,77.0,Female,2.96,1
TCGA-AX-A2IN,63.0,Female,31.11,1
TCGA-AX-A2IO,83.0,Female,64.88,0
TCGA-AX-A3FS,82.0,Female,0.23,0
TCGA-AX-A3FT,64.0,Female,0.2,0
TCGA-AX-A3FV,62.0,Female,-0.2,0
TCGA-AX-A3FW,66.0,Female,0.56,0
TCGA-AX-A3FX,69.0,Female,43.79,1
TCGA-AX-A3FZ,33.0,Female,0.2,0
TCGA-AX-A3G1,84.0,Female,20.5,1
TCGA-AX-A3G3,58.0,Female,1.38,0
TCGA-AX-A3G4,60.0,Female,0.3,0
TCGA-AX-A3G6,67.0,Female,0.26,0
TCGA-AX-A3G7,71.0,Female,0.3,0
TCGA-AX-A3G8,76.0,Female,1.18,0
TCGA-AX-A3G9,63.0,Female,18.33,0
TCGA-AX-A3GB,73.0,Female,14.45,0
TCGA-AX-A3GI,66.0,Female,0.39,0
TCGA-B5-A0JN,84.0,Female,80.32,0
TCGA-B5-A0JR,73.0,Female,56.87,0
TCGA-B5-A0JS,54.0,Female,86.3,0
TCGA-B5-A0JT,63.0,Female,55.26,0
TCGA-B5-A0JU,57.0,Female,59.2,0
TCGA-B5-A0JV,63.0,Female,85.94,0
TCGA-B5-A0JX,62.0,Female,58.71,0
TCGA-B5-A0JY,50.0,Female,69.22,0
TCGA-B5-A0JZ,60.0,Female,71.39,0
TCGA-B5-A0K0,48.0,Female,48.55,0
TCGA-B5-A0K1,69.0,Female,36.47,0
TCGA-B5-A0K2,54.0,Female,72.57,0
TCGA-B5-A0K3,62.0,Female,27.27,1
TCGA-B5-A0K4,51.0,Female,57.72,0
TCGA-B5-A0K6,58.0,Female,64.16,0
TCGA-B5-A0K7,64.0,Female,63.5,0
TCGA-B5-A0K8,71.0,Female,27.83,0
TCGA-B5-A0K9,88.0,Female,13.44,1
TCGA-B5-A0KB,62.0,Female,27.07,0
TCGA-B5-A11E,53.0,Female,59.79,0
TCGA-B5-A11F,55.0,Female,185.64,0
TCGA-B5-A11G,71.0,Female,113.27,0
TCGA-B5-A11H,67.0,Female,88.27,0
TCGA-B5-A11I,65.0,Female,75.66,0
TCGA-B5-A11J,64.0,Female,54.4,0
TCGA-B5-A11L,71.0,Female,73.59,1
TCGA-B5-A11M,43.0,Female,44.74,0
TCGA-B5-A11N,69.0,Female,61.63,0
TCGA-B5-A11O,62.0,Female,85.71,0
TCGA-B5-A11P,87.0,Female,52.0,0
TCGA-B5-A11Q,64.0,Female,32.06,0
TCGA-B5-A11R,51.0,Female,77.17,0
TCGA-B5-A11S,63.0,Female,73.23,0
TCGA-B5-A11U,74.0,Female,16.72,0
TCGA-B5-A11V,64.0,Female,19.55,0
TCGA-B5-A11W,61.0,Female,19.48,0
TCGA-B5-A11X,66.0,Female,19.58,0
TCGA-B5-A11Y,59.0,Female,18.4,0
TCGA-B5-A11Z,61.0,Female,17.35,0
TCGA-B5-A121,57.0,Female,16.56,0
TCGA-B5-A1MR,65.0,Female,225.33,0
TCGA-B5-A1MS,60.0,Female,102.23,1
TCGA-B5-A1MU,79.0,Female,50.85,1
TCGA-B5-A1MV,84.0,Female,51.41,0
TCGA-B5-A1MW,55.0,Female,14.68,0
TCGA-B5-A1MX,47.0,Female,48.39,0
TCGA-B5-A1MY,62.0,Female,11.86,1
TCGA-B5-A1MZ,54.0,Female,52.5,0
TCGA-B5-A1N2,70.0,Female,31.34,1
TCGA-B5-A3F9,56.0,Female,136.5,0
TCGA-B5-A3FA,73.0,Female,96.22,0
TCGA-B5-A3FB,73.0,Female,93.43,0
TCGA-B5-A3FC,53.0,Female,71.78,0
TCGA-B5-A3FD,70.0,Female,39.32,1
TCGA-B5-A3FH,74.0,Female,27.63,0
TCGA-B5-A3S1,71.0,Female,29.63,0
TCGA-B5-A5OC,71.0,Female,41.03,0
TCGA-B5-A5OD,67.0,Female,34.1,0
TCGA-B5-A5OE,68.0,Female,34.92,0
TCGA-BG-A0LW,47.0,Female,18.59,0
TCGA-BG-A0LX,57.0,Female,20.17,0
TCGA-BG-A0M0,66.0,Female,19.32,0
TCGA-BG-A0M2,62.0,Female,20.93,0
TCGA-BG-A0M3,74.0,Female,35.18,0
TCGA-BG-A0M4,60.0,Female,71.19,0
TCGA-BG-A0M6,73.0,Female,22.04,1
TCGA-BG-A0M7,60.0,Female,63.63,0
TCGA-BG-A0M8,50.0,Female,66.36,0
TCGA-BG-A0M9,73.0,Female,74.57,0
TCGA-BG-A0MA,60.0,Female,10.71,1
TCGA-BG-A0MC,74.0,Female,41.49,0
TCGA-BG-A0MG,73.0,Female,48.52,0
TCGA-BG-A0MH,61.0,Female,63.4,0
TCGA-BG-A0MI,83.0,Female,23.46,1
TCGA-BG-A0MK,52.0,Female,43.27,1
TCGA-BG-A0MO,63.0,Female,43.0,0
TCGA-BG-A0MQ,71.0,Female,59.69,0
TCGA-BG-A0MS,53.0,Female,61.83,0
TCGA-BG-A0MT,64.0,Female,21.16,0
TCGA-BG-A0MU,78.0,Female,20.27,0
TCGA-BG-A0RY,68.0,Female,15.41,0
TCGA-BG-A0VT,56.0,Female,51.51,0
TCGA-BG-A0VV,53.0,Female,51.02,0
TCGA-BG-A0VW,77.0,Female,51.97,0
TCGA-BG-A0VX,58.0,Female,34.26,0
TCGA-BG-A0VZ,58.0,Female,52.6,0
TCGA-BG-A0W1,89.0,Female,52.79,0
TCGA-BG-A0W2,57.0,Female,56.54,0
TCGA-BG-A0YU,37.0,Female,14.82,0
TCGA-BG-A0YV,67.0,Female,12.55,0
TCGA-BG-A186,61.0,Female,13.76,0
TCGA-BG-A187,65.0,Female,14.72,0
TCGA-BG-A18A,74.0,Female,13.99,0
TCGA-BG-A18B,53.0,Female,15.44,0
TCGA-BG-A18C,72.0,Female,15.44,0
TCGA-BG-A220,69.0,Female,14.26,0
TCGA-BG-A221,84.0,Female,1.81,0
TCGA-BG-A222,49.0,Female,9.56,0
TCGA-BG-A2AD,63.0,Female,20.01,0
TCGA-BG-A2AE,57.0,Female,23.69,0
TCGA-BG-A2L7,68.0,Female,20.11,0
TCGA-BG-A3EW,62.0,Female,11.3,0
TCGA-BG-A3PP,82.0,Female,22.37,0
TCGA-BK-A0C9,57.0,Female,35.87,0
TCGA-BK-A0CA,61.0,Female,34.95,0
TCGA-BK-A0CB,60.0,Female,35.87,0
TCGA-BK-A0CC,69.0,Female,35.05,0
TCGA-BK-A139,74.0,Female,30.98,1
TCGA-BK-A139,74.0,Female,30.98,1
TCGA-BK-A13B,58.0,Female,31.73,0
TCGA-BK-A13C,47.0,Female,24.97,0
TCGA-BK-A26L,71.0,Female,24.11,0
TCGA-BK-A4ZD,42.0,Female,16.62,0
TCGA-BK-A56F,75.0,Female,13.17,0
TCGA-BK-A6W3,34.0,Female,10.02,0
TCGA-BK-A6W4,62.0,Female,9.86,0
TCGA-BS-A0T9,39.0,Female,46.91,1
TCGA-BS-A0TA,58.0,Female,24.31,1
TCGA-BS-A0TC,69.0,Female,85.48,0
TCGA-BS-A0TD,65.0,Female,78.15,0
TCGA-BS-A0TE,35.0,Female,4.8,1
TCGA-BS-A0TG,60.0,Female,77.89,0
TCGA-BS-A0TI,64.0,Female,61.83,0
TCGA-BS-A0TJ,59.0,Female,67.94,0
TCGA-BS-A0U5,76.0,Female,96.42,0
TCGA-BS-A0U7,63.0,Female,30.72,1
TCGA-BS-A0U8,55.0,Female,97.34,0
TCGA-BS-A0U9,59.0,Female,92.81,0
TCGA-BS-A0UA,68.0,Female,114.82,0
TCGA-BS-A0UF,65.0,Female,85.78,0
TCGA-BS-A0UJ,68.0,Female,82.33,0
TCGA-BS-A0UL,54.0,Female,81.5,0
TCGA-BS-A0UM,64.0,Female,86.86,0
TCGA-BS-A0UT,62.0,Female,72.67,0
TCGA-BS-A0UV,55.0,Female,73.19,0
TCGA-BS-A0V4,56.0,Female,59.46,0
TCGA-BS-A0V6,55.0,Female,89.52,0
TCGA-BS-A0V7,48.0,Female,63.53,0
TCGA-BS-A0V8,68.0,Female,83.57,0
TCGA-BS-A0VI,58.0,Female,86.93,0
TCGA-BS-A0WQ,55.0,Female,66.43,0
TCGA-D1-A0ZN,60.0,Female,16.82,0
TCGA-D1-A0ZO,75.0,Female,19.78,0
TCGA-D1-A0ZP,59.0,Female,29.93,0
TCGA-D1-A0ZQ,90.0,Female,8.54,0
TCGA-D1-A0ZR,57.0,Female,0.56,0
TCGA-D1-A0ZS,54.0,Female,4.86,0
TCGA-D1-A0ZU,34.0,Female,28.65,0
TCGA-D1-A0ZV,58.0,Female,23.92,0
TCGA-D1-A0ZZ,80.0,Female,22.54,0
TCGA-D1-A101,60.0,Female,1.74,0
TCGA-D1-A102,49.0,Female,4.43,0
TCGA-D1-A103,87.0,Female,21.98,0
TCGA-D1-A15V,68.0,Female,39.45,0
TCGA-D1-A15W,58.0,Female,30.06,0
TCGA-D1-A15X,45.0,Female,29.86,0
TCGA-D1-A15Z,72.0,Female,1.91,1
TCGA-D1-A160,70.0,Female,3.68,0
TCGA-D1-A161,78.0,Female,29.3,0
TCGA-D1-A162,69.0,Female,37.61,0
TCGA-D1-A163,50.0,Female,32.56,0
TCGA-D1-A165,64.0,Female,0.66,0
TCGA-D1-A167,70.0,Female,15.7,0
TCGA-D1-A168,67.0,Female,36.07,0
TCGA-D1-A169,63.0,Female,37.29,0
TCGA-D1-A16B,64.0,Female,36.33,0
TCGA-D1-A16D,49.0,Female,37.48,0
TCGA-D1-A16E,73.0,Female,36.76,0
TCGA-D1-A16F,60.0,Female,2.63,0
TCGA-D1-A16G,74.0,Female,27.4,1
TCGA-D1-A16I,62.0,Female,11.5,1
TCGA-D1-A16J,61.0,Female,29.89,0
TCGA-D1-A16N,51.0,Female,31.04,0
TCGA-D1-A16O,44.0,Female,33.61,0
TCGA-D1-A16Q,54.0,Female,10.64,0
TCGA-D1-A16R,39.0,Female,0.69,0
TCGA-D1-A16S,70.0,Female,18.66,0
TCGA-D1-A16V,78.0,Female,3.94,1
TCGA-D1-A16X,54.0,Female,3.65,0
TCGA-D1-A16Y,56.0,Female,17.48,0
TCGA-D1-A174,51.0,Female,19.51,0
TCGA-D1-A175,48.0,Female,6.64,0
TCGA-D1-A176,67.0,Female,30.12,0
TCGA-D1-A177,70.0,Female,18.0,0
TCGA-D1-A179,76.0,Female,14.72,1
TCGA-D1-A17A,59.0,Female,1.58,0
TCGA-D1-A17B,69.0,Female,7.0,0
TCGA-D1-A17C,78.0,Female,0.99,0
TCGA-D1-A17D,58.0,Female,30.42,0
TCGA-D1-A17F,68.0,Female,1.28,0
TCGA-D1-A17H,61.0,Female,27.99,0
TCGA-D1-A17K,74.0,Female,28.06,0
TCGA-D1-A17L,81.0,Female,26.35,0
TCGA-D1-A17M,56.0,Female,10.22,0
TCGA-D1-A17N,46.0,Female,1.51,0
TCGA-D1-A17Q,54.0,Female,1.77,0
TCGA-D1-A17R,58.0,Female,11.14,1
TCGA-D1-A17S,59.0,Female,24.28,0
TCGA-D1-A17T,67.0,Female,2.33,0
TCGA-D1-A17U,53.0,Female,22.9,0
TCGA-D1-A1NS,53.0,Female,1.41,0
TCGA-D1-A1NU,74.0,Female,13.21,0
TCGA-D1-A1NW,72.0,Female,0.72,0
TCGA-D1-A1NX,66.0,Female,18.23,0
TCGA-D1-A1NY,67.0,Female,16.85,0
TCGA-D1-A1NZ,60.0,Female,18.0,0
TCGA-D1-A1O0,77.0,Female,2.07,0
TCGA-D1-A1O5,61.0,Female,15.05,0
TCGA-D1-A1O7,60.0,Female,1.05,0
TCGA-D1-A1O8,70.0,Female,3.94,1
TCGA-D1-A2G0,70.0,Female,48.75,0
TCGA-D1-A2G5,50.0,Female,47.8,0
TCGA-D1-A2G6,53.0,Female,8.48,1
TCGA-D1-A2G7,65.0,Female,58.9,1
TCGA-D1-A3DA,77.0,Female,15.87,0
TCGA-D1-A3DG,81.0,Female,4.27,1
TCGA-D1-A3DH,71.0,Female,18.82,0
TCGA-D1-A3JP,61.0,Female,16.92,0
TCGA-D1-A3JQ,61.0,Female,17.28,0
TCGA-DF-A2KR,84.0,Female,71.55,0
TCGA-DF-A2KS,69.0,Female,109.0,0
TCGA-DF-A2KV,55.0,Female,89.26,0
TCGA-DF-A2KY,49.0,Female,10.91,0
TCGA-DF-A2KZ,87.0,Female,27.14,0
TCGA-DF-A2L0,60.0,Female,25.89,1
TCGA-DI-A0WH,64.0,Female,16.29,0
TCGA-DI-A1BU,55.0,Female,39.26,0
TCGA-DI-A1BY,63.0,Female,36.6,0
TCGA-DI-A1C3,38.0,Female,24.28,0
TCGA-DI-A1NN,63.0,Female,35.35,0
TCGA-DI-A1NO,68.0,Female,9.36,1
TCGA-DI-A2QT,51.0,Female,12.39,1
TCGA-DI-A2QU,67.0,Female,31.08,1
TCGA-DI-A2QY,64.0,Female,110.02,1
TCGA-E6-A1LX,40.0,Female,23.36,0
TCGA-E6-A1LZ,76.0,Female,79.04,0
TCGA-E6-A1M0,56.0,Female,58.9,0
TCGA-E6-A2P8,53.0,Female,2.37,1
TCGA-E6-A2P9,65.0,Female,45.53,0
TCGA-E6-A8L9,61.0,Female,33.28,0
TCGA-EC-A1NJ,73.0,Female,16.03,0
TCGA-EC-A1QX,71.0,Female,7.36,0
TCGA-EC-A24G,57.0,Female,16.79,0
TCGA-EO-A1Y5,63.0,Female,10.91,0
TCGA-EO-A1Y7,65.0,Female,49.11,0
TCGA-EO-A1Y8,87.0,Female,37.68,0
TCGA-EO-A22R,56.0,Female,61.7,0
TCGA-EO-A22S,58.0,Female,61.5,0
TCGA-EO-A22T,56.0,Female,66.85,0
TCGA-EO-A22U,83.0,Female,46.22,0
TCGA-EO-A22X,36.0,Female,57.56,0
TCGA-EO-A22Y,68.0,Female,51.48,0
TCGA-EO-A2CG,69.0,Female,51.38,0
TCGA-EO-A2CH,73.0,Female,19.38,1
TCGA-EO-A3AS,86.0,Female,34.36,0
TCGA-EO-A3AU,72.0,Female,50.69,0
TCGA-EO-A3AV,51.0,Female,35.12,0
TCGA-EO-A3AY,58.0,Female,38.04,0
TCGA-EO-A3AZ,80.0,Female,27.14,0
TCGA-EO-A3B0,43.0,Female,46.39,0
TCGA-EO-A3B1,63.0,Female,26.94,0
TCGA-EO-A3KU,68.0,Female,22.24,0
TCGA-EO-A3KW,72.0,Female,16.33,0
TCGA-EO-A3KX,80.0,Female,38.44,0
TCGA-EO-A3L0,76.0,Female,51.05,0
TCGA-EY-A1G7,86.0,Female,6.21,1
TCGA-EY-A1G8,83.0,Female,14.98,1
TCGA-EY-A1GC,62.0,Female,54.11,0
TCGA-EY-A1GD,51.0,Female,53.84,0
TCGA-EY-A1GE,67.0,Female,24.34,0
TCGA-EY-A1GF,75.0,Female,27.14,0
TCGA-EY-A1GH,70.0,Female,23.32,0
TCGA-EY-A1GI,52.0,Female,23.32,0
TCGA-EY-A1GJ,73.0,Female,23.88,0
TCGA-EY-A1GK,74.0,Female,22.77,0
TCGA-EY-A1GL,51.0,Female,33.31,0
TCGA-EY-A1GM,60.0,Female,32.69,1
TCGA-EY-A1GO,65.0,Female,19.25,0
TCGA-EY-A1GP,54.0,Female,18.82,0
TCGA-EY-A1GQ,76.0,Female,17.87,0
TCGA-EY-A1GR,67.0,Female,17.61,0
TCGA-EY-A1GS,71.0,Female,22.01,1
TCGA-EY-A1GT,68.0,Female,16.1,0
TCGA-EY-A1GU,66.0,Female,32.75,1
TCGA-EY-A1GV,75.0,Female,15.8,0
TCGA-EY-A1GW,73.0,Female,11.07,1
TCGA-EY-A1GX,76.0,Female,37.02,1
TCGA-EY-A1H0,57.0,Female,19.32,0
TCGA-EY-A210,82.0,Female,12.58,0
TCGA-EY-A212,83.0,Female,10.18,1
TCGA-EY-A214,66.0,Female,14.39,0
TCGA-EY-A215,60.0,Female,18.86,0
TCGA-EY-A2OM,55.0,Female,22.8,0
TCGA-EY-A2ON,61.0,Female,20.04,1
TCGA-EY-A2OO,56.0,Female,45.73,0
TCGA-EY-A2OP,63.0,Female,31.01,0
TCGA-EY-A2OQ,61.0,Female,29.07,0
TCGA-EY-A3L3,82.0,Female,27.33,0
TCGA-EY-A3QX,64.0,Female,32.49,1
TCGA-EY-A4KR,56.0,Female,11.37,1
TCGA-EY-A547,75.0,Female,17.9,0
TCGA-EY-A548,83.0,Female,14.13,0
TCGA-EY-A549,78.0,Female,19.88,0
TCGA-EY-A54A,67.0,Female,14.68,0
TCGA-EY-A5W2,72.0,Female,16.95,0
TCGA-EY-A72D,87.0,Female,5.88,0
TCGA-FI-A2CX,82.0,Female,66.72,0
TCGA-FI-A2CY,60.0,Female,68.33,0
TCGA-FI-A2D0,55.0,Female,39.85,0
TCGA-FI-A2D2,66.0,Female,77.27,1
TCGA-FI-A2D4,44.0,Female,7.98,1
TCGA-FI-A2D5,56.0,Female,13.83,1
TCGA-FI-A2D6,74.0,Female,25.2,1
TCGA-FI-A2EU,68.0,Female,96.62,0
TCGA-FI-A2EW,71.0,Female,58.97,0
TCGA-FI-A2EX,58.0,Female,9.33,0
TCGA-FI-A2EY,63.0,Female,28.91,1
TCGA-FI-A2F4,64.0,Female,73.26,0
TCGA-FI-A2F8,64.0,Female,30.65,0
TCGA-FI-A2F9,79.0,Female,59.23,0
TCGA-FI-A3PV,68.0,Female,41.03,1
TCGA-FI-A3PX,57.0,Female,78.32,0
TCGA-H5-A2HR,71.0,Female,1.74,0
TCGA-JU-AAVI,61.0,Female,17.74,1
TCGA-K6-A3WQ,60.0,Female,14.03,1
TCGA-KJ-A3U4,55.0,Female,35.97,0
TCGA-KP-A3VZ,69.0,Female,23.72,0
TCGA-KP-A3W0,72.0,Female,13.27,0
TCGA-KP-A3W1,76.0,Female,9.46,0
TCGA-KP-A3W3,72.0,Female,26.08,0
TCGA-KP-A3W4,63.0,Female,18.2,1
TCGA-PG-A5BC,72.0,Female,23.23,0
TCGA-PG-A6IB,68.0,Female,21.29,0
TCGA-PG-A7D5,62.0,Female,38.67,0
TCGA-PG-A914,73.0,Female,22.57,0
TCGA-PG-A915,60.0,Female,8.18,0
TCGA-PG-A916,70.0,Female,17.15,0
TCGA-PG-A917,74.0,Female,6.96,0
TCGA-QF-A5YS,57.0,Female,22.63,0
TCGA-QF-A5YT,57.0,Female,39.91,0
TCGA-QS-A5YQ,55.0,Female,24.93,0
TCGA-QS-A5YR,61.0,Female,23.62,0
TCGA-QS-A744,86.0,Female,14.82,0
TCGA-QS-A8F1,85.0,Female,4.43,1
TCGA-SJ-A6ZI,64.0,Female,20.73,0
TCGA-SJ-A6ZJ,61.0,Female,18.27,0
TCGA-SL-A6J9,73.0,Female,0.07,0
TCGA-SL-A6JA,77.0,Female,0.23,0
