case_id,age,gender,censorship,survival_months
TCGA-2Y-A9GS,58,male,1,23.78449408672799
TCGA-2Y-A9GT,51,male,1,53.350854139290405
TCGA-2Y-A9GU,55,female,0,63.69908015768725
TCGA-2Y-A9GV,54,female,1,83.18002628120894
TCGA-2Y-A9GW,64,male,1,41.75427069645203
TCGA-2Y-A9GX,68,male,0,80.2233902759527
TCGA-2Y-A9GY,64,female,1,24.868593955321945
TCGA-2Y-A9GZ,82,female,1,27.8580814717477
TCGA-2Y-A9H0,49,male,0,120.7293035479632
TCGA-2Y-A9H1,58,male,1,40.37450722733246
TCGA-2Y-A9H2,64,female,0,56.86596583442838
TCGA-2Y-A9H3,45,male,0,49.80289093298291
TCGA-2Y-A9H4,68,male,0,47.70039421813403
TCGA-2Y-A9H5,59,female,1,18.23258869908016
TCGA-2Y-A9H6,68,female,0,11.727989487516425
TCGA-2Y-A9H7,81,female,0,38.37056504599212
TCGA-2Y-A9H8,85,female,1,20.795006570302235
TCGA-2Y-A9H9,70,male,0,22.89750328515112
TCGA-2Y-A9HA,70,male,1,1.1826544021024967
TCGA-2Y-A9HB,66,male,0,8.541392904073588
TCGA-4R-AA8I,66,male,1,8.607095926412615
TCGA-5C-A9VG,58,male,0,10.775295663600524
TCGA-5C-A9VH,70,male,0,10.578186596583445
TCGA-5C-AAPD,61,male,0,0.657030223390276
TCGA-5R-AA1C,57,male,0,17.082785808147175
TCGA-5R-AA1D,18,female,0,14.750328515111695
TCGA-5R-AAAM,65,female,1,1.5111695137976346
TCGA-BC-4072,74,female,1,48.94875164257556
TCGA-BC-4073,73,male,0,27.890932982917214
TCGA-BC-A10Q,72,female,1,37.28646517739816
TCGA-BC-A10R,66,female,1,10.11826544021025
TCGA-BC-A10S,81,male,1,46.747700394218136
TCGA-BC-A10T,76,male,1,27.496714848883048
TCGA-BC-A10U,69,male,1,27.496714848883048
TCGA-BC-A10W,50,male,1,2.9894875164257555
TCGA-BC-A10X,52,female,1,25.29566360052562
TCGA-BC-A10Y,76,male,1,23.35742444152431
TCGA-BC-A10Z,62,female,1,1.1169513797634691
TCGA-BC-A110,51,female,1,69.51379763469119
TCGA-BC-A112,80,male,1,5.026281208935611
TCGA-BC-A216,62,female,0,44.382391590013135
TCGA-BC-A217,75,female,1,45.893561103810775
TCGA-BC-A3KF,66,female,0,0.2628120893561104
TCGA-BC-A3KG,68,female,0,22.339027595269386
TCGA-BC-A5W4,69,male,1,17.969776609724047
TCGA-BC-A69H,64,male,0,14.586070959264124
TCGA-BC-A69I,69,male,0,12.713534822601838
TCGA-BC-A8YO,66,female,0,18.46254927726676
TCGA-BW-A5NO,50,male,0,0.657030223390276
TCGA-BW-A5NP,26,female,0,0.0
TCGA-BW-A5NQ,63,male,0,0.0
TCGA-CC-5258,48,male,1,4.23784494086728
TCGA-CC-5259,60,female,0,8.21287779237845
TCGA-CC-5260,61,female,1,2.8580814717477003
TCGA-CC-5261,44,male,1,3.1865965834428382
TCGA-CC-5262,67,male,1,3.383705650459921
TCGA-CC-5263,35,male,1,4.23784494086728
TCGA-CC-5264,71,male,1,3.350854139290407
TCGA-CC-A123,24,female,0,7.194480946123521
TCGA-CC-A1HT,50,male,1,3.3180026281208934
TCGA-CC-A3M9,45,male,1,9.85545335085414
TCGA-CC-A3MA,61,male,1,9.95400788436268
TCGA-CC-A3MB,36,male,1,10.348226018396844
TCGA-CC-A3MC,54,male,0,11.925098554533507
TCGA-CC-A5UC,63,male,1,11.399474375821288
TCGA-CC-A5UD,45,male,1,9.986859395532194
TCGA-CC-A5UE,48,male,1,8.935611038107753
TCGA-CC-A7IE,57,male,1,7.128777923784494
TCGA-CC-A7IF,59,male,1,21.32063074901445
TCGA-CC-A7IG,47,male,1,9.822601839684625
TCGA-CC-A7IH,58,male,0,11.990801576872537
TCGA-CC-A7II,54,male,0,13.107752956636006
TCGA-CC-A7IJ,56,male,0,12.54927726675427
TCGA-CC-A7IK,59,male,1,8.607095926412615
TCGA-CC-A7IL,61,male,1,9.132720105124836
TCGA-CC-A8HS,18,male,1,9.85545335085414
TCGA-CC-A8HT,74,male,1,4.599211563731932
TCGA-CC-A8HU,39,female,1,11.300919842312746
TCGA-CC-A8HV,51,female,1,9.165571616294349
TCGA-CC-A9FS,55,male,0,6.931668856767411
TCGA-CC-A9FU,52,female,0,0.0
TCGA-CC-A9FV,57,male,0,0.0
TCGA-CC-A9FW,68,male,0,8.147174770039422
TCGA-DD-A113,55,female,0,79.66491458607095
TCGA-DD-A114,42,male,1,37.74638633377136
TCGA-DD-A115,53,male,1,83.50854139290406
TCGA-DD-A116,68,male,1,53.285151116951376
TCGA-DD-A118,77,female,0,112.91064388961892
TCGA-DD-A119,40,male,1,7.325886990801576
TCGA-DD-A11A,67,male,0,2.59526938239159
TCGA-DD-A11B,73,male,1,0.4599211563731931
TCGA-DD-A11C,69,male,0,21.74770039421813
TCGA-DD-A11D,57,female,1,51.24835742444152
TCGA-DD-A1E9,70,male,1,90.63731931668856
TCGA-DD-A1EA,68,male,0,79.33639947437582
TCGA-DD-A1EB,72,female,0,66.26149802890933
TCGA-DD-A1EC,20,female,0,19.776609724047304
TCGA-DD-A1ED,68,male,0,75.59132720105124
TCGA-DD-A1EE,73,male,1,11.465177398160314
TCGA-DD-A1EF,57,female,1,12.943495400788436
TCGA-DD-A1EG,76,male,1,45.072273324572926
TCGA-DD-A1EH,23,male,0,49.11300919842313
TCGA-DD-A1EI,46,male,0,6.011826544021025
TCGA-DD-A1EJ,71,female,1,33.01576872536137
TCGA-DD-A1EK,64,female,1,18.331143232588698
TCGA-DD-A1EL,23,male,1,13.633377135348226
TCGA-DD-A39V,77,male,1,21.12352168199737
TCGA-DD-A39W,29,female,1,27.16819973718791
TCGA-DD-A39X,78,female,1,55.65045992115637
TCGA-DD-A39Y,67,male,1,5.617608409986859
TCGA-DD-A39Z,43,female,1,19.7437582128778
TCGA-DD-A3A0,70,male,1,25.78843626806833
TCGA-DD-A3A1,65,male,1,7.654402102496714
TCGA-DD-A3A2,76,female,1,70.0065703022339
TCGA-DD-A3A3,45,male,1,17.57555847568988
TCGA-DD-A3A4,37,male,1,20.105124835742444
TCGA-DD-A3A5,66,female,1,102.6609724047306
TCGA-DD-A3A6,72,female,1,107.03022339027596
TCGA-DD-A3A7,67,male,1,13.76478318002628
TCGA-DD-A3A8,75,male,1,0.3613666228646517
TCGA-DD-A3A9,64,female,1,30.584756898817343
TCGA-DD-A4NA,67,female,0,33.11432325886991
TCGA-DD-A4NB,25,male,0,32.49014454664914
TCGA-DD-A4ND,56,female,0,90.21024967148487
TCGA-DD-A4NE,75,female,1,21.681997371879103
TCGA-DD-A4NF,72,male,0,30.946123521682
TCGA-DD-A4NG,77,male,1,26.346911957950063
TCGA-DD-A4NH,65,female,0,30.12483574244415
TCGA-DD-A4NI,67,male,0,26.806833114323258
TCGA-DD-A4NJ,54,female,0,30.4862023653088
TCGA-DD-A4NK,80,female,1,39.7503285151117
TCGA-DD-A4NL,46,male,0,56.20893561103811
TCGA-DD-A4NN,56,female,1,29.5335085413929
TCGA-DD-A4NO,65,male,0,73.75164257555848
TCGA-DD-A4NP,32,male,0,108.67279894875163
TCGA-DD-A4NQ,60,male,1,12.253613666228643
TCGA-DD-A4NR,85,female,1,0.2956636005256242
TCGA-DD-A4NS,61,female,1,80.68331143232588
TCGA-DD-A4NV,61,male,0,78.77792378449408
TCGA-DD-A73A,71,male,0,23.915900131406044
TCGA-DD-A73B,72,female,1,9.296977660972404
TCGA-DD-A73C,65,female,0,23.02890932982917
TCGA-DD-A73D,68,female,0,22.766097240473066
TCGA-DD-A73E,66,male,0,1.445466491458607
TCGA-DD-A73F,77,female,0,35.64388961892247
TCGA-DD-A73G,73,female,0,114.25755584756898
TCGA-DD-AA3A,81,female,1,13.469119579500656
TCGA-DD-AAC8,72,male,1,0.5256241787122208
TCGA-DD-AAC9,51,male,0,11.399474375821288
TCGA-DD-AACA,65,male,0,75.59132720105124
TCGA-DD-AACB,74,female,0,76.34691195795006
TCGA-DD-AACC,61,male,1,55.35479632063075
TCGA-DD-AACD,48,male,1,12.516425755584756
TCGA-DD-AACE,62,male,0,71.74770039421813
TCGA-DD-AACF,68,male,1,11.990801576872537
TCGA-DD-AACG,52,male,1,15.407358738501973
TCGA-DD-AACH,69,male,1,6.40604467805519
TCGA-DD-AACI,69,male,0,53.15374507227333
TCGA-DD-AACJ,75,male,0,69.053876478318
TCGA-DD-AACK,70,male,0,0.2956636005256242
TCGA-DD-AACL,66,female,1,3.515111695137976
TCGA-DD-AACM,48,male,0,58.1143232588699
TCGA-DD-AACN,32,male,0,42.77266754270696
TCGA-DD-AACO,40,male,0,61.62943495400789
TCGA-DD-AACP,64,male,0,13.633377135348226
TCGA-DD-AACQ,50,male,1,14.19185282522996
TCGA-DD-AACS,39,male,0,59.26412614980289
TCGA-DD-AACT,69,female,0,51.31406044678055
TCGA-DD-AACU,59,male,0,51.47831800262812
TCGA-DD-AACV,53,male,0,50.29566360052562
TCGA-DD-AACW,43,male,0,46.78055190538765
TCGA-DD-AACX,66,male,0,5.5847568988173455
TCGA-DD-AACY,61,male,0,47.63469119579501
TCGA-DD-AACZ,63,female,1,5.617608409986859
TCGA-DD-AAD0,73,female,0,4.50065703022339
TCGA-DD-AAD1,51,female,0,18.528252299605786
TCGA-DD-AAD2,66,male,0,21.61629434954008
TCGA-DD-AAD3,43,male,0,42.54270696452036
TCGA-DD-AAD5,54,male,0,44.18528252299605
TCGA-DD-AAD6,66,male,0,22.07621550591327
TCGA-DD-AAD8,73,female,0,40.04599211563732
TCGA-DD-AADA,66,female,0,40.50591327201051
TCGA-DD-AADB,51,male,0,40.80157687253614
TCGA-DD-AADC,53,male,1,13.961892247043364
TCGA-DD-AADD,51,male,0,40.44021024967148
TCGA-DD-AADE,50,male,0,39.48751642575559
TCGA-DD-AADF,64,female,1,3.777923784494088
TCGA-DD-AADG,70,male,0,37.614980289093296
TCGA-DD-AADI,43,female,0,35.64388961892247
TCGA-DD-AADJ,70,female,0,35.019710906701704
TCGA-DD-AADK,68,female,0,34.46123521681997
TCGA-DD-AADL,58,male,0,20.89356110381077
TCGA-DD-AADM,58,male,1,0.3942181340341655
TCGA-DD-AADN,59,male,0,29.50065703022339
TCGA-DD-AADO,55,male,0,14.88173455978975
TCGA-DD-AADP,45,male,0,15.045992115637318
TCGA-DD-AADQ,59,male,0,14.323258869908017
TCGA-DD-AADR,58,male,0,66.62286465177398
TCGA-DD-AADS,63,male,0,15.57161629434954
TCGA-DD-AADU,60,male,0,18.19973718791064
TCGA-DD-AADV,50,male,0,18.85676741130092
TCGA-DD-AADW,48,male,0,19.2838370565046
TCGA-DD-AADY,55,female,0,18.23258869908016
TCGA-DD-AAE0,45,female,0,18.23258869908016
TCGA-DD-AAE1,52,male,0,18.134034165571617
TCGA-DD-AAE2,51,male,0,20.9592641261498
TCGA-DD-AAE3,50,male,0,18.593955321944808
TCGA-DD-AAE4,49,female,0,19.97371879106439
TCGA-DD-AAE6,59,female,0,4.6320630749014455
TCGA-DD-AAE7,72,male,0,21.156373193166885
TCGA-DD-AAE8,45,male,0,21.81340341655716
TCGA-DD-AAE9,69,male,0,23.71879106438896
TCGA-DD-AAEA,65,male,0,18.88961892247044
TCGA-DD-AAEB,60,male,0,15.703022339027594
TCGA-DD-AAED,51,male,0,25.065703022339022
TCGA-DD-AAEE,55,male,0,26.609724047306177
TCGA-DD-AAEG,59,female,0,23.62023653088042
TCGA-DD-AAEH,73,male,0,25.755584756898816
TCGA-DD-AAEI,72,male,0,50.29566360052562
TCGA-DD-AAEK,51,male,0,35.05256241787122
TCGA-DD-AAVP,48,male,0,90.40735873850196
TCGA-DD-AAVQ,38,male,0,89.61892247043363
TCGA-DD-AAVR,44,male,0,82.55584756898817
TCGA-DD-AAVS,56,male,0,59.88830486202365
TCGA-DD-AAVU,46,male,0,72.33902759526939
TCGA-DD-AAVV,56,male,0,80.65045992115637
TCGA-DD-AAVW,35,male,0,76.11695137976346
TCGA-DD-AAVX,38,male,0,56.4388961892247
TCGA-DD-AAVY,56,male,0,64.71747700394218
TCGA-DD-AAVZ,38,male,0,62.417871222076215
TCGA-DD-AAW0,54,male,0,66.1957950065703
TCGA-DD-AAW1,55,male,0,65.34165571616295
TCGA-DD-AAW2,69,male,0,60.939553219448094
TCGA-DD-AAW3,69,male,0,53.64651773981603
TCGA-ED-A459,47,male,0,29.89487516425756
TCGA-ED-A4XI,58,male,0,26.9053876478318
TCGA-ED-A5KG,60,female,0,28.055190538764784
TCGA-ED-A627,74,male,0,13.896189224704337
TCGA-ED-A66X,35,male,0,13.3377135348226
TCGA-ED-A66Y,51,female,1,9.724047306176084
TCGA-ED-A7PX,48,female,0,0.1971090670170827
TCGA-ED-A7PY,20,female,0,12.81208935611038
TCGA-ED-A7PZ,61,male,0,0.1971090670170827
TCGA-ED-A7XO,29,male,0,14.027595269382392
TCGA-ED-A7XP,53,female,0,13.140604467805518
TCGA-ED-A82E,60,female,0,13.403416557161629
TCGA-ED-A8O5,59,female,0,13.3377135348226
TCGA-ED-A8O6,50,female,1,1.8396846254927728
TCGA-ED-A97K,54,male,0,0.1971090670170827
TCGA-EP-A12J,62,male,0,18.725361366622863
TCGA-EP-A26S,70,male,0,19.97371879106439
TCGA-EP-A2KA,52,female,1,20.59789750328515
TCGA-EP-A2KB,46,female,1,19.579500657030223
TCGA-EP-A2KC,62,male,1,0.6241787122207622
TCGA-EP-A3JL,76,male,0,9.95400788436268
TCGA-EP-A3RK,73,male,0,11.925098554533507
TCGA-FV-A23B,70,female,1,60.84099868593955
TCGA-FV-A2QQ,80,male,0,23.94875164257556
TCGA-FV-A3I0,76,female,0,27.8580814717477
TCGA-FV-A3R2,75,male,1,6.3731931668856765
TCGA-FV-A3R3,38,female,1,12.02365308804205
TCGA-FV-A495,51,female,0,0.0328515111695138
TCGA-FV-A496,84,female,0,0.328515111695138
TCGA-FV-A4ZP,78,male,1,81.6688567674113
TCGA-FV-A4ZQ,52,male,0,0.3942181340341655
TCGA-G3-A25S,64,male,1,13.66622864651774
TCGA-G3-A25T,45,female,0,51.01839684625492
TCGA-G3-A25U,63,female,0,53.745072273324574
TCGA-G3-A25V,68,male,0,28.252299605781864
TCGA-G3-A25W,79,female,0,30.7161629434954
TCGA-G3-A25X,73,male,0,58.44283837056504
TCGA-G3-A25Y,52,female,1,14.848883048620236
TCGA-G3-A25Z,58,male,0,21.517739816031536
TCGA-G3-A3CH,53,male,0,25.62417871222076
TCGA-G3-A3CI,71,male,0,5.913272010512483
TCGA-G3-A3CJ,52,male,0,19.5137976346912
TCGA-G3-A3CK,61,male,0,19.21813403416557
TCGA-G3-A5SI,44,male,1,25.2299605781866
TCGA-G3-A5SJ,59,male,0,22.93035479632063
TCGA-G3-A5SK,58,male,0,24.441524310118265
TCGA-G3-A5SL,70,male,0,20.40078843626807
TCGA-G3-A5SM,58,male,0,17.082785808147175
TCGA-G3-A6UC,65,male,0,22.04336399474376
TCGA-G3-A7M5,76,male,0,14.684625492772668
TCGA-G3-A7M6,60,female,0,20.76215505913272
TCGA-G3-A7M7,65,male,0,11.85939553219448
TCGA-G3-A7M8,31,male,0,14.126149802890932
TCGA-G3-AAUZ,48,male,0,15.768725361366622
TCGA-G3-AAV0,58,male,0,15.637319316688568
TCGA-G3-AAV1,51,male,1,11.793692509855452
TCGA-G3-AAV2,50,male,0,12.220762155059132
TCGA-G3-AAV3,58,female,0,13.534822601839684
TCGA-G3-AAV4,83,female,1,0.8869908015768725
TCGA-G3-AAV5,67,male,0,11.629434954007884
TCGA-G3-AAV6,53,female,1,2.135348226018397
TCGA-G3-AAV7,38,male,0,11.85939553219448
TCGA-GJ-A3OU,59,male,0,28.876478318002626
TCGA-GJ-A6C0,75,female,1,1.0183968462549278
TCGA-GJ-A9DB,68,male,1,2.2010512483574245
TCGA-HP-A5MZ,62,male,1,2.9894875164257555
TCGA-HP-A5N0,87,female,1,24.70433639947437
TCGA-K7-A5RG,66,male,0,17.04993429697766
TCGA-K7-A6G5,66,male,0,16.819973718791065
TCGA-K7-AAU7,61,male,0,11.793692509855452
TCGA-LG-A6GG,79,female,0,12.713534822601838
TCGA-LG-A9QC,48,male,0,13.961892247043364
TCGA-LG-A9QD,68,male,0,12.02365308804205
TCGA-MI-A75C,64,male,0,9.559789750328514
TCGA-MI-A75E,61,male,0,16.655716162943495
TCGA-MI-A75G,63,male,0,22.93035479632063
TCGA-MI-A75H,77,male,0,24.540078843626805
TCGA-MI-A75I,61,male,0,20.69645203679369
TCGA-MR-A520,58,male,0,7.522996057818659
TCGA-MR-A8JO,34,male,0,10.840998685939551
TCGA-NI-A4U2,71,male,1,58.83705650459921
TCGA-NI-A8LF,74,male,0,26.24835742444152
TCGA-O8-A75V,54,male,0,17.67411300919842
TCGA-PD-A5DF,58,female,1,20.99211563731932
TCGA-QA-A7B7,48,male,0,3.088042049934297
TCGA-RC-A6M3,24,male,0,0.0
TCGA-RC-A6M4,74,female,0,0.7227332457293035
TCGA-RC-A6M5,20,female,0,0.4927726675427069
TCGA-RC-A6M6,75,male,0,0.2956636005256242
TCGA-RC-A7S9,47,female,0,21.02496714848883
TCGA-RC-A7SB,53,male,0,19.31668856767412
TCGA-RC-A7SF,66,male,0,19.021024967148488
TCGA-RC-A7SH,42,male,0,15.374507227332456
TCGA-RC-A7SK,59,male,0,15.505913272010512
TCGA-RG-A7D4,69,male,0,36.07095926412615
TCGA-T1-A6J8,68,male,0,0.7555847568988173
TCGA-UB-A7MA,62,female,0,27.8580814717477
TCGA-UB-A7MB,24,male,0,19.7437582128778
TCGA-UB-A7MC,59,male,0,16.4257555847569
TCGA-UB-A7MD,67,male,1,1.7082785808147174
TCGA-UB-A7ME,51,male,0,15.965834428383705
TCGA-UB-A7MF,56,male,1,7.030223390275952
TCGA-UB-AA0U,60,male,0,10.74244415243101
TCGA-UB-AA0V,69,female,0,10.315374507227332
TCGA-WJ-A86L,68,female,0,11.33377135348226
TCGA-WQ-AB4B,62,male,0,12.976346911957949
TCGA-WX-AA44,64,female,0,20.203679369250985
TCGA-WX-AA46,61,male,0,24.83574244415243
TCGA-WX-AA47,33,female,1,18.265440210249672
TCGA-XR-A8TC,43,female,0,43.98817345597897
TCGA-XR-A8TD,49,female,0,33.83705650459921
TCGA-XR-A8TE,18,male,0,30.387647831800265
TCGA-XR-A8TF,74,male,1,22.766097240473066
TCGA-XR-A8TG,58,male,0,29.50065703022339
TCGA-YA-A8S7,68,male,1,13.534822601839684
TCGA-ZP-A9CV,59,male,1,35.74244415243101
TCGA-ZP-A9CY,66,female,0,25.689881734559787
TCGA-ZP-A9CZ,72,male,0,23.19316688567674
TCGA-ZP-A9D0,67,female,0,35.84099868593955
TCGA-ZP-A9D1,56,female,0,0.6898817345597897
TCGA-ZP-A9D2,51,male,1,25.13140604467805
TCGA-ZP-A9D4,64,female,0,12.976346911957949
TCGA-ZS-A9CD,73,male,1,45.53219448094613
TCGA-ZS-A9CE,79,female,0,40.76872536136662
TCGA-ZS-A9CF,64,male,0,79.23784494086728
TCGA-ZS-A9CG,55,male,0,11.202365308804204
